id,fullname
id,fullname
id,fullname
id,fullname
id,fullname
id,fullname
id,fullname
id,fullname
id,fullname
id,fullname
id,fullname
id,fullname
id,fullname
id,fullname
id,fullname
id,fullname
id,fullname
id,fullname
id,fullname
id,fullname
id,fullname
id,fullname
id,fullname
id,fullname
id,fullname
id,fullname
id,fullname
id,fullname
id,fullname
id,fullname
id,fullname
id,fullname
id,fullname
id,fullname
id,fullname
id,fullname
id,fullname
id,fullname
id,fullname
id,fullname
id,fullname
id,fullname
id,fullname
id,fullname
id,fullname
id,fullname
id,fullname
id,fullname
id,fullname
id,fullname
id,fullname
id,fullname
id,fullname
id,fullname
id,fullname
id,fullname
id,fullname
id,fullname
id,fullname
id,fullname
id,fullname
id,fullname
id,fullname
id,fullname
id,fullname
id,fullname
id,fullname
id,fullname
id,fullname
id,fullname
id,fullname
id,fullname
id,fullname
id,fullname
id,fullname
id,fullname
id,fullname
id,fullname
id,fullname
id,fullname
id,fullname
id,fullname
id,fullname
id,fullname
id,fullname
id,fullname
id,fullname
id,fullname
id,fullname
id,fullname
id,fullname
id,fullname
id,fullname
id,fullname
id,fullname
id,fullname
id,fullname
id,fullname
id,fullname
id,fullname
id,fullname
id,fullname
id,fullname
id,fullname
id,fullname
id,fullname
id,fullname
id,fullname
id,fullname
id,fullname
id,fullname
id,fullname
id,fullname
id,fullname
id,fullname
id,fullname
id,fullname
id,fullname
id,fullname
id,fullname
id,fullname
id,fullname
id,fullname
id,fullname
id,fullname
id,fullname
id,fullname
id,fullname
id,fullname
id,fullname
id,fullname
id,fullname
id,fullname
id,fullname
id,fullname
id,fullname
id,fullname
id,fullname
id,fullname
id,fullname
id,fullname
id,fullname
id,fullname
id,fullname
id,fullname
id,fullname
id,fullname
id,fullname
id,fullname
id,fullname
id,fullname
id,fullname
id,fullname
id,fullname
id,fullname
id,fullname
id,fullname
id,fullname
id,fullname
id,fullname
id,fullname
id,fullname
id,fullname
id,fullname
id,fullname
id,fullname
id,fullname
id,fullname
id,fullname
id,fullname
id,fullname
id,fullname
id,fullname
id,fullname
id,fullname
id,fullname
id,fullname
id,fullname
id,fullname
id,fullname
id,fullname
id,fullname
id,fullname
id,fullname
id,fullname
id,fullname
id,fullname
id,fullname
id,fullname
id,fullname
id,fullname
id,fullname
id,fullname
id,fullname
id,fullname
id,fullname
id,fullname
id,fullname
id,fullname
id,fullname
id,fullname
id,fullname
id,fullname
id,fullname
id,fullname
id,fullname
id,fullname
id,fullname
id,fullname
id,fullname
id,fullname
id,fullname
id,fullname
id,fullname
id,fullname
id,fullname
id,fullname
id,fullname
id,fullname
id,fullname
id,fullname
id,fullname
id,fullname
id,fullname
id,fullname
id,fullname
id,fullname
id,fullname
id,fullname
id,fullname
id,fullname
id,fullname
id,fullname
id,fullname
id,fullname
id,fullname
id,fullname
id,fullname
id,fullname
id,fullname
id,fullname
id,fullname
id,fullname
id,fullname
id,fullname
id,fullname
id,fullname
id,fullname
id,fullname
id,fullname
id,fullname
id,fullname
id,fullname
id,fullname
id,fullname
id,fullname
id,fullname
id,fullname
id,fullname
id,fullname
id,fullname
id,fullname
id,fullname
id,fullname
id,fullname
id,fullname
id,fullname
id,fullname
id,fullname
id,fullname
id,fullname
id,fullname
id,fullname
id,fullname
id,fullname
id,fullname
id,fullname
id,fullname
id,fullname
id,fullname
id,fullname
id,fullname
id,fullname
id,fullname
id,fullname
id,fullname
id,fullname
id,fullname
id,fullname
id,fullname
id,fullname
id,fullname
id,fullname
id,fullname
id,fullname
id,fullname
id,fullname
id,fullname
id,fullname
id,fullname
id,fullname
id,fullname
id,fullname
id,fullname
id,fullname
id,fullname
id,fullname
id,fullname
id,fullname
id,fullname
id,fullname
id,fullname
id,fullname
id,fullname
id,fullname
id,fullname
id,fullname
id,fullname
id,fullname
id,fullname
id,fullname
id,fullname
id,fullname
id,fullname
id,fullname
id,fullname
id,fullname
id,fullname
id,fullname
id,fullname
id,fullname
id,fullname
id,fullname
id,fullname
id,fullname
id,fullname
id,fullname
id,fullname
id,fullname
id,fullname
id,fullname
id,fullname
id,fullname
id,fullname
id,fullname
id,fullname
id,fullname
id,fullname
id,fullname
id,fullname
id,fullname
id,fullname
id,fullname
id,fullname
id,fullname
id,fullname
id,fullname
id,fullname
id,fullname
id,fullname
id,fullname
id,fullname
id,fullname
id,fullname
id,fullname
id,fullname
id,fullname
id,fullname
id,fullname
id,fullname
id,fullname
id,fullname
id,fullname
id,fullname
id,fullname
id,fullname
id,fullname
id,fullname
id,fullname
id,fullname
id,fullname
id,fullname
id,fullname
id,fullname
id,fullname
id,fullname
id,fullname
id,fullname
id,fullname
id,fullname
id,fullname
id,fullname
id,fullname
id,fullname
id,fullname
id,fullname
id,fullname
id,fullname
id,fullname
id,fullname
id,fullname
id,fullname
id,fullname
id,fullname
id,fullname
id,fullname
id,fullname
id,fullname
id,fullname
id,fullname
id,fullname
id,fullname
id,fullname
id,fullname
id,fullname
id,fullname
id,fullname
id,fullname
id,fullname
id,fullname
id,fullname
id,fullname
id,fullname
id,fullname
id,fullname
id,fullname
id,fullname
id,fullname
id,fullname
id,fullname
id,fullname
id,fullname
id,fullname
id,fullname
id,fullname
id,fullname
id,fullname
id,fullname
id,fullname
id,fullname
id,fullname
id,fullname
id,fullname
id,fullname
id,fullname
id,fullname
id,fullname
id,fullname
id,fullname
id,fullname
id,fullname
id,fullname
id,fullname
id,fullname
id,fullname
id,fullname
id,fullname
id,fullname
id,fullname
id,fullname
id,fullname
id,fullname
id,fullname
id,fullname
id,fullname
id,fullname
id,fullname
id,fullname
id,fullname
id,fullname
id,fullname
id,fullname
id,fullname
id,fullname
id,fullname
id,fullname
id,fullname
id,fullname
id,fullname
id,fullname
id,fullname
id,fullname
id,fullname
id,fullname
id,fullname
id,fullname
id,fullname
id,fullname
id,fullname
id,fullname
id,fullname
id,fullname
id,fullname
id,fullname
id,fullname
id,fullname
id,fullname
id,fullname
id,fullname
id,fullname
id,fullname
id,fullname
id,fullname
id,fullname
id,fullname
id,fullname
id,fullname
id,fullname
id,fullname
id,fullname
id,fullname
id,fullname
id,fullname
id,fullname
id,fullname
id,fullname
id,fullname
id,fullname
id,fullname
id,fullname
id,fullname
id,fullname
id,fullname
id,fullname
id,fullname
id,fullname
id,fullname
id,fullname
id,fullname
id,fullname
id,fullname
id,fullname
id,fullname
id,fullname
id,fullname
id,fullname
id,fullname
id,fullname
id,fullname
id,fullname
id,fullname
id,fullname
id,fullname
id,fullname
id,fullname
id,fullname
id,fullname
id,fullname
id,fullname
id,fullname
id,fullname
id,fullname
id,fullname
id,fullname
id,fullname
id,fullname
id,fullname
id,fullname
id,fullname
id,fullname
id,fullname
id,fullname
id,fullname
id,fullname
id,fullname
id,fullname
id,fullname
id,fullname
id,fullname
id,fullname
id,fullname
id,fullname
id,fullname
id,fullname
id,fullname
id,fullname
id,fullname
id,fullname
id,fullname
id,fullname
id,fullname
id,fullname
id,fullname
id,fullname
id,fullname
id,fullname
id,fullname
id,fullname
id,fullname
id,fullname
id,fullname
id,fullname
id,fullname
id,fullname
id,fullname
id,fullname
id,fullname
id,fullname
id,fullname
id,fullname
id,fullname
id,fullname
id,fullname
id,fullname
id,fullname
id,fullname
id,fullname
id,fullname
id,fullname
id,fullname
id,fullname
id,fullname
id,fullname
id,fullname
id,fullname
id,fullname
id,fullname
id,fullname
id,fullname
id,fullname
id,fullname
id,fullname
id,fullname
id,fullname
id,fullname
id,fullname
id,fullname
id,fullname
id,fullname
id,fullname
id,fullname
id,fullname
id,fullname
id,fullname
id,fullname
id,fullname
id,fullname
id,fullname
id,fullname
id,fullname
id,fullname
id,fullname
id,fullname
id,fullname
id,fullname
id,fullname
id,fullname
id,fullname
id,fullname
id,fullname
id,fullname
id,fullname
id,fullname
id,fullname
id,fullname
id,fullname
id,fullname
id,fullname
id,fullname
id,fullname
id,fullname
id,fullname
id,fullname
id,fullname
id,fullname
id,fullname
id,fullname
id,fullname
id,fullname
id,fullname
id,fullname
id,fullname
id,fullname
id,fullname
id,fullname
id,fullname
id,fullname
id,fullname
id,fullname
id,fullname
id,fullname
id,fullname
id,fullname
id,fullname
id,fullname
id,fullname
id,fullname
id,fullname
id,fullname
id,fullname
id,fullname
id,fullname
id,fullname
id,fullname
id,fullname
id,fullname
id,fullname
id,fullname
id,fullname
id,fullname
id,fullname
id,fullname
id,fullname
id,fullname
id,fullname
id,fullname
id,fullname
id,fullname
id,fullname
id,fullname
id,fullname
id,fullname
id,fullname
id,fullname
id,fullname
id,fullname
id,fullname
id,fullname
id,fullname
id,fullname
id,fullname
id,fullname
id,fullname
id,fullname
id,fullname
id,fullname
id,fullname
id,fullname
id,fullname
id,fullname
id,fullname
id,fullname
id,fullname
id,fullname
id,fullname
id,fullname
id,fullname
id,fullname
id,fullname
id,fullname
id,fullname
id,fullname
id,fullname
id,fullname
id,fullname
id,fullname
id,fullname
id,fullname
id,fullname
id,fullname
id,fullname
id,fullname
id,fullname
id,fullname
id,fullname
id,fullname
id,fullname
id,fullname
id,fullname
id,fullname
id,fullname
id,fullname
id,fullname
id,fullname
id,fullname
id,fullname
id,fullname
id,fullname
id,fullname
id,fullname
id,fullname
id,fullname
id,fullname
id,fullname
id,fullname
id,fullname
id,fullname
id,fullname
id,fullname
id,fullname
id,fullname
id,fullname
id,fullname
id,fullname
id,fullname
id,fullname
id,fullname
id,fullname
id,fullname
id,fullname
id,fullname
id,fullname
id,fullname
id,fullname
id,fullname
id,fullname
id,fullname
id,fullname
id,fullname
id,fullname
id,fullname
id,fullname
id,fullname
id,fullname
id,fullname
id,fullname
id,fullname
id,fullname
id,fullname
id,fullname
id,fullname
id,fullname
id,fullname
id,fullname
id,fullname
id,fullname
id,fullname
id,fullname
id,fullname
id,fullname
id,fullname
id,fullname
id,fullname
id,fullname
id,fullname
id,fullname
id,fullname
id,fullname
id,fullname
id,fullname
id,fullname
id,fullname
id,fullname
id,fullname
id,fullname
id,fullname
id,fullname
id,fullname
id,fullname
id,fullname
id,fullname
id,fullname
id,fullname
id,fullname
id,fullname
id,fullname
id,fullname
id,fullname
id,fullname
id,fullname
id,fullname
id,fullname
id,fullname
id,fullname
id,fullname
id,fullname
id,fullname
id,fullname
id,fullname
id,fullname
id,fullname
id,fullname
id,fullname
id,fullname
id,fullname
id,fullname
id,fullname
id,fullname
id,fullname
id,fullname
id,fullname
id,fullname
id,fullname
id,fullname
id,fullname
id,fullname
id,fullname
id,fullname
id,fullname
id,fullname
id,fullname
id,fullname
id,fullname
id,fullname
id,fullname
id,fullname
id,fullname
id,fullname
id,fullname
id,fullname
id,fullname
id,fullname
id,fullname
id,fullname
id,fullname
id,fullname
id,fullname
id,fullname
id,fullname
id,fullname
id,fullname
id,fullname
id,fullname
id,fullname
id,fullname
id,fullname
id,fullname
id,fullname
id,fullname
id,fullname
id,fullname
id,fullname
id,fullname
id,fullname
id,fullname
id,fullname
id,fullname
id,fullname
id,fullname
id,fullname
id,fullname
id,fullname
id,fullname
id,fullname
id,fullname
id,fullname
id,fullname
id,fullname
id,fullname
id,fullname
id,fullname
id,fullname
id,fullname
id,fullname
id,fullname
id,fullname
id,fullname
id,fullname
id,fullname
id,fullname
id,fullname
id,fullname
id,fullname
id,fullname
id,fullname
id,fullname
id,fullname
id,fullname
id,fullname
id,fullname
id,fullname
id,fullname
id,fullname
id,fullname
id,fullname
id,fullname
id,fullname
id,fullname
id,fullname
id,fullname
id,fullname
id,fullname
id,fullname
id,fullname
id,fullname
id,fullname
id,fullname
id,fullname
id,fullname
id,fullname
id,fullname
id,fullname
id,fullname
id,fullname
id,fullname
id,fullname
id,fullname
id,fullname
id,fullname
id,fullname
id,fullname
id,fullname
id,fullname
id,fullname
id,fullname
id,fullname
id,fullname
id,fullname
id,fullname
id,fullname
id,fullname
id,fullname
id,fullname
id,fullname
id,fullname
id,fullname
id,fullname
id,fullname
id,fullname
id,fullname
id,fullname
id,fullname
id,fullname
id,fullname
id,fullname
id,fullname
id,fullname
id,fullname
id,fullname
id,fullname
id,fullname
id,fullname
id,fullname
id,fullname
id,fullname
id,fullname
id,fullname
id,fullname
id,fullname
id,fullname
id,fullname
id,fullname
id,fullname
id,fullname
id,fullname
id,fullname
id,fullname
id,fullname
id,fullname
id,fullname
id,fullname
id,fullname
id,fullname
id,fullname
id,fullname
id,fullname
id,fullname
id,fullname
id,fullname
id,fullname
id,fullname
id,fullname
id,fullname
id,fullname
id,fullname
id,fullname
id,fullname
id,fullname
id,fullname
id,fullname
id,fullname
id,fullname
id,fullname
id,fullname
id,fullname
id,fullname
id,fullname
id,fullname
id,fullname
id,fullname
id,fullname
id,fullname
id,fullname
id,fullname
id,fullname
id,fullname
id,fullname
id,fullname
id,fullname
id,fullname
id,fullname
id,fullname
id,fullname
id,fullname
id,fullname
id,fullname
id,fullname
id,fullname
id,fullname
id,fullname
id,fullname
id,fullname
id,fullname
id,fullname
id,fullname
id,fullname
id,fullname
id,fullname
id,fullname
id,fullname
id,fullname
id,fullname
id,fullname
id,fullname
id,fullname
id,fullname
id,fullname
id,fullname
id,fullname
id,fullname
id,fullname
id,fullname
id,fullname
id,fullname
id,fullname
id,fullname
id,fullname
id,fullname
id,fullname
id,fullname
id,fullname
id,fullname
id,fullname
id,fullname
id,fullname
id,fullname
id,fullname
id,fullname
id,fullname
id,fullname
id,fullname
id,fullname
id,fullname
id,fullname
id,fullname
id,fullname
id,fullname
id,fullname
id,fullname
id,fullname
id,fullname
id,fullname
id,fullname
id,fullname
id,fullname
id,fullname
id,fullname
id,fullname
id,fullname
id,fullname
id,fullname
id,fullname
id,fullname
id,fullname
id,fullname
id,fullname
id,fullname
id,fullname
id,fullname
id,fullname
id,fullname
id,fullname
id,fullname
id,fullname
id,fullname
id,fullname
id,fullname
id,fullname
id,fullname
id,fullname
id,fullname
id,fullname
id,fullname
id,fullname
id,fullname
id,fullname
id,fullname
id,fullname
id,fullname
id,fullname
id,fullname
id,fullname
id,fullname
id,fullname
id,fullname
id,fullname
id,fullname
id,fullname
id,fullname
id,fullname
id,fullname
id,fullname
id,fullname
id,fullname
id,fullname
id,fullname
id,fullname
id,fullname
id,fullname
id,fullname
id,fullname
id,fullname
id,fullname
id,fullname
id,fullname
id,fullname
id,fullname
id,fullname
id,fullname
id,fullname
id,fullname
id,fullname
id,fullname
id,fullname
id,fullname
id,fullname
id,fullname
id,fullname
id,fullname
id,fullname
id,fullname
id,fullname
id,fullname
id,fullname
id,fullname
id,fullname
id,fullname
id,fullname
id,fullname
id,fullname
id,fullname
id,fullname
id,fullname
id,fullname
id,fullname
id,fullname
id,fullname
id,fullname
id,fullname
id,fullname
id,fullname
id,fullname
id,fullname
id,fullname
id,fullname
id,fullname
id,fullname
id,fullname
id,fullname
id,fullname
id,fullname
id,fullname
id,fullname
id,fullname
id,fullname
id,fullname
id,fullname
id,fullname
id,fullname
id,fullname
id,fullname
id,fullname
id,fullname
id,fullname
id,fullname
id,fullname
id,fullname
id,fullname
id,fullname
id,fullname
id,fullname
id,fullname
id,fullname
id,fullname
id,fullname
id,fullname
id,fullname
id,fullname
id,fullname
id,fullname
id,fullname
id,fullname
id,fullname
id,fullname
id,fullname
id,fullname
id,fullname
id,fullname
id,fullname
id,fullname
id,fullname
id,fullname
id,fullname
id,fullname
id,fullname
id,fullname
id,fullname
id,fullname
id,fullname
id,fullname
id,fullname
id,fullname
id,fullname
id,fullname
id,fullname
id,fullname
id,fullname
id,fullname
id,fullname
id,fullname
id,fullname
id,fullname
id,fullname
id,fullname
id,fullname
id,fullname
id,fullname
id,fullname
id,fullname
id,fullname
id,fullname
id,fullname
id,fullname
id,fullname
id,fullname
id,fullname
id,fullname
id,fullname
id,fullname
id,fullname
id,fullname
id,fullname
id,fullname
id,fullname
id,fullname
id,fullname
id,fullname
id,fullname
id,fullname
id,fullname
id,fullname
id,fullname
id,fullname
id,fullname
id,fullname
id,fullname
id,fullname
id,fullname
id,fullname
id,fullname
id,fullname
id,fullname
id,fullname
id,fullname
id,fullname
id,fullname
id,fullname
id,fullname
id,fullname
id,fullname
id,fullname
id,fullname
id,fullname
id,fullname
id,fullname
id,fullname
id,fullname
id,fullname
id,fullname
id,fullname
id,fullname
id,fullname
id,fullname
id,fullname
id,fullname
id,fullname
id,fullname
id,fullname
id,fullname
id,fullname
id,fullname
id,fullname
id,fullname
id,fullname
id,fullname
id,fullname
id,fullname
id,fullname
id,fullname
id,fullname
id,fullname
id,fullname
id,fullname
id,fullname
id,fullname
id,fullname
id,fullname
id,fullname
id,fullname
id,fullname
id,fullname
id,fullname
id,fullname
id,fullname
id,fullname
id,fullname
id,fullname
id,fullname
id,fullname
id,fullname
id,fullname
id,fullname
id,fullname
id,fullname
id,fullname
id,fullname
id,fullname
id,fullname
id,fullname
id,fullname
id,fullname
id,fullname
id,fullname
id,fullname
id,fullname
id,fullname
id,fullname
id,fullname
id,fullname
id,fullname
id,fullname
id,fullname
id,fullname
id,fullname
id,fullname
id,fullname
id,fullname
id,fullname
id,fullname
id,fullname
id,fullname
id,fullname
id,fullname
id,fullname
id,fullname
id,fullname
id,fullname
id,fullname
id,fullname
id,fullname
id,fullname
id,fullname
id,fullname
id,fullname
id,fullname
id,fullname
id,fullname
id,fullname
id,fullname
id,fullname
id,fullname
id,fullname
id,fullname
id,fullname
id,fullname
id,fullname
id,fullname
id,fullname
id,fullname
id,fullname
id,fullname
id,fullname
id,fullname
id,fullname
id,fullname
id,fullname
id,fullname
id,fullname
id,fullname
id,fullname
id,fullname
id,fullname
id,fullname
id,fullname
id,fullname
id,fullname
id,fullname
id,fullname
id,fullname
id,fullname
id,fullname
id,fullname
id,fullname
id,fullname
id,fullname
id,fullname
id,fullname
id,fullname
id,fullname
id,fullname
id,fullname
id,fullname
id,fullname
id,fullname
id,fullname
id,fullname
id,fullname
id,fullname
id,fullname
id,fullname
id,fullname
id,fullname
id,fullname
id,fullname
id,fullname
id,fullname
id,fullname
id,fullname
id,fullname
id,fullname
id,fullname
id,fullname
id,fullname
id,fullname
id,fullname
id,fullname
id,fullname
id,fullname
id,fullname
id,fullname
id,fullname
id,fullname
id,fullname
id,fullname
id,fullname
id,fullname
id,fullname
id,fullname
id,fullname
id,fullname
id,fullname
id,fullname
id,fullname
id,fullname
id,fullname
id,fullname
id,fullname
id,fullname
id,fullname
id,fullname
id,fullname
id,fullname
id,fullname
id,fullname
id,fullname
id,fullname
id,fullname
id,fullname
id,fullname
id,fullname
id,fullname
id,fullname
id,fullname
id,fullname
id,fullname
id,fullname
id,fullname
id,fullname
id,fullname
id,fullname
id,fullname
id,fullname
id,fullname
id,fullname
id,fullname
id,fullname
id,fullname
id,fullname
id,fullname
id,fullname
id,fullname
id,fullname
id,fullname
id,fullname
id,fullname
id,fullname
id,fullname
id,fullname
id,fullname
id,fullname
id,fullname
id,fullname
id,fullname
id,fullname
id,fullname
id,fullname
id,fullname
id,fullname
id,fullname
id,fullname
id,fullname
id,fullname
id,fullname
id,fullname
id,fullname
id,fullname
id,fullname
id,fullname
id,fullname
id,fullname
id,fullname
id,fullname
id,fullname
id,fullname
id,fullname
id,fullname
id,fullname
id,fullname
id,fullname
id,fullname
id,fullname
id,fullname
id,fullname
id,fullname
id,fullname
id,fullname
id,fullname
id,fullname
id,fullname
id,fullname
id,fullname
id,fullname
id,fullname
id,fullname
id,fullname
id,fullname
id,fullname
id,fullname
id,fullname
id,fullname
id,fullname
id,fullname
id,fullname
id,fullname
id,fullname
id,fullname
id,fullname
id,fullname
id,fullname
id,fullname
id,fullname
id,fullname
id,fullname
id,fullname
id,fullname
id,fullname
id,fullname
id,fullname
id,fullname
id,fullname
id,fullname
id,fullname
id,fullname
id,fullname
id,fullname
id,fullname
id,fullname
id,fullname
id,fullname
id,fullname
id,fullname
id,fullname
id,fullname
id,fullname
id,fullname
id,fullname
id,fullname
id,fullname
id,fullname
id,fullname
id,fullname
id,fullname
id,fullname
id,fullname
id,fullname
id,fullname
id,fullname
id,fullname
id,fullname
id,fullname
id,fullname
id,fullname
id,fullname
id,fullname
id,fullname
id,fullname
id,fullname
id,fullname
id,fullname
id,fullname
id,fullname
id,fullname
id,fullname
id,fullname
id,fullname
id,fullname
id,fullname
id,fullname
id,fullname
id,fullname
id,fullname
id,fullname
id,fullname
id,fullname
id,fullname
id,fullname
id,fullname
id,fullname
id,fullname
id,fullname
id,fullname
id,fullname
id,fullname
id,fullname
id,fullname
id,fullname
id,fullname
id,fullname
id,fullname
id,fullname
id,fullname
id,fullname
id,fullname
id,fullname
id,fullname
id,fullname
id,fullname
id,fullname
id,fullname
id,fullname
id,fullname
id,fullname
id,fullname
id,fullname
id,fullname
id,fullname
id,fullname
id,fullname
id,fullname
id,fullname
id,fullname
id,fullname
id,fullname
id,fullname
id,fullname
id,fullname
id,fullname
id,fullname
id,fullname
id,fullname
id,fullname
id,fullname
id,fullname
id,fullname
id,fullname
id,fullname
id,fullname
id,fullname
id,fullname
id,fullname
id,fullname
id,fullname
id,fullname
id,fullname
id,fullname
id,fullname
id,fullname
id,fullname
id,fullname
id,fullname
id,fullname
id,fullname
id,fullname
id,fullname
id,fullname
id,fullname
id,fullname
id,fullname
id,fullname
id,fullname
id,fullname
id,fullname
id,fullname
id,fullname
id,fullname
id,fullname
id,fullname
id,fullname
id,fullname
id,fullname
id,fullname
id,fullname
id,fullname
id,fullname
id,fullname
id,fullname
id,fullname
id,fullname
id,fullname
id,fullname
id,fullname
id,fullname
id,fullname
id,fullname
id,fullname
id,fullname
id,fullname
id,fullname
id,fullname
id,fullname
id,fullname
id,fullname
id,fullname
id,fullname
id,fullname
id,fullname
id,fullname
id,fullname
id,fullname
id,fullname
id,fullname
id,fullname
id,fullname
id,fullname
id,fullname
id,fullname
id,fullname
id,fullname
id,fullname
id,fullname
id,fullname
id,fullname
id,fullname
id,fullname
id,fullname
id,fullname
id,fullname
id,fullname
id,fullname
id,fullname
id,fullname
id,fullname
id,fullname
id,fullname
id,fullname
id,fullname
id,fullname
id,fullname
id,fullname
id,fullname
id,fullname
id,fullname
id,fullname
id,fullname
id,fullname
id,fullname
id,fullname
id,fullname
id,fullname
id,fullname
id,fullname
id,fullname
id,fullname
id,fullname
id,fullname
id,fullname
id,fullname
id,fullname
id,fullname
id,fullname
id,fullname
id,fullname
id,fullname
id,fullname
id,fullname
id,fullname
id,fullname
id,fullname
id,fullname
id,fullname
id,fullname
id,fullname
id,fullname
id,fullname
id,fullname
id,fullname
id,fullname
id,fullname
id,fullname
id,fullname
id,fullname
id,fullname
id,fullname
id,fullname
id,fullname
id,fullname
id,fullname
id,fullname
id,fullname
id,fullname
id,fullname
id,fullname
id,fullname
id,fullname
id,fullname
id,fullname
id,fullname
id,fullname
id,fullname
id,fullname
id,fullname
id,fullname
id,fullname
id,fullname
id,fullname
id,fullname
id,fullname
id,fullname
id,fullname
id,fullname
id,fullname
id,fullname
id,fullname
id,fullname
id,fullname
id,fullname
id,fullname
id,fullname
id,fullname
id,fullname
id,fullname
id,fullname
id,fullname
id,fullname
id,fullname
id,fullname
id,fullname
id,fullname
id,fullname
id,fullname
id,fullname
id,fullname
id,fullname
id,fullname
id,fullname
id,fullname
id,fullname
id,fullname
id,fullname
id,fullname
id,fullname
id,fullname
id,fullname
id,fullname
id,fullname
id,fullname
id,fullname
id,fullname
id,fullname
id,fullname
id,fullname
id,fullname
id,fullname
id,fullname
id,fullname
id,fullname
id,fullname
id,fullname
id,fullname
id,fullname
id,fullname
id,fullname
id,fullname
id,fullname
id,fullname
id,fullname
id,fullname
id,fullname
id,fullname
id,fullname
id,fullname
id,fullname
id,fullname
id,fullname
id,fullname
id,fullname
id,fullname
id,fullname
id,fullname
id,fullname
id,fullname
id,fullname
id,fullname
id,fullname
id,fullname
id,fullname
id,fullname
id,fullname
id,fullname
id,fullname
id,fullname
id,fullname
id,fullname
id,fullname
id,fullname
id,fullname
id,fullname
id,fullname
id,fullname
id,fullname
id,fullname
id,fullname
id,fullname
id,fullname
id,fullname
id,fullname
id,fullname
id,fullname
id,fullname
id,fullname
id,fullname
id,fullname
id,fullname
id,fullname
id,fullname
id,fullname
id,fullname
id,fullname
id,fullname
id,fullname
id,fullname
id,fullname
id,fullname
id,fullname
id,fullname
id,fullname
id,fullname
id,fullname
id,fullname
id,fullname
id,fullname
id,fullname
id,fullname
id,fullname
id,fullname
id,fullname
id,fullname
id,fullname
id,fullname
id,fullname
id,fullname
id,fullname
id,fullname
id,fullname
id,fullname
id,fullname
id,fullname
id,fullname
id,fullname
id,fullname
id,fullname
id,fullname
id,fullname
id,fullname
id,fullname
id,fullname
id,fullname
id,fullname
id,fullname
id,fullname
id,fullname
id,fullname
id,fullname
id,fullname
id,fullname
id,fullname
id,fullname
id,fullname
id,fullname
id,fullname
id,fullname
id,fullname
id,fullname
id,fullname
id,fullname
id,fullname
id,fullname
id,fullname
id,fullname
id,fullname
id,fullname
id,fullname
id,fullname
id,fullname
id,fullname
id,fullname
id,fullname
id,fullname
id,fullname
id,fullname
id,fullname
id,fullname
id,fullname
id,fullname
id,fullname
id,fullname
id,fullname
id,fullname
id,fullname
id,fullname
id,fullname
id,fullname
id,fullname
id,fullname
id,fullname
id,fullname
id,fullname
id,fullname
id,fullname
id,fullname
id,fullname
id,fullname
id,fullname
id,fullname
id,fullname
id,fullname
id,fullname
id,fullname
id,fullname
id,fullname
id,fullname
id,fullname
id,fullname
id,fullname
id,fullname
id,fullname
id,fullname
id,fullname
id,fullname
id,fullname
id,fullname
id,fullname
id,fullname
id,fullname
id,fullname
id,fullname
id,fullname
id,fullname
id,fullname
id,fullname
id,fullname
id,fullname
id,fullname
id,fullname
id,fullname
id,fullname
id,fullname
id,fullname
id,fullname
id,fullname
id,fullname
id,fullname
id,fullname
id,fullname
id,fullname
id,fullname
id,fullname
id,fullname
id,fullname
id,fullname
id,fullname
id,fullname
id,fullname
id,fullname
id,fullname
id,fullname
id,fullname
id,fullname
id,fullname
id,fullname
id,fullname
id,fullname
id,fullname
id,fullname
id,fullname
id,fullname
id,fullname
id,fullname
id,fullname
id,fullname
id,fullname
id,fullname
id,fullname
id,fullname
id,fullname
id,fullname
id,fullname
id,fullname
id,fullname
id,fullname
id,fullname
id,fullname
id,fullname
id,fullname
id,fullname
id,fullname
id,fullname
id,fullname
id,fullname
id,fullname
id,fullname
id,fullname
id,fullname
id,fullname
id,fullname
id,fullname
id,fullname
id,fullname
id,fullname
id,fullname
id,fullname
id,fullname
id,fullname
id,fullname
id,fullname
id,fullname
id,fullname
id,fullname
id,fullname
id,fullname
id,fullname
id,fullname
id,fullname
id,fullname
id,fullname
id,fullname
id,fullname
id,fullname
id,fullname
id,fullname
id,fullname
id,fullname
id,fullname
id,fullname
id,fullname
id,fullname
id,fullname
id,fullname
id,fullname
id,fullname
id,fullname
id,fullname
id,fullname
id,fullname
id,fullname
id,fullname
id,fullname
id,fullname
id,fullname
id,fullname
id,fullname
id,fullname
id,fullname
id,fullname
id,fullname
id,fullname
id,fullname
id,fullname
id,fullname
id,fullname
id,fullname
id,fullname
id,fullname
id,fullname
id,fullname
id,fullname
id,fullname
id,fullname
id,fullname
id,fullname
id,fullname
id,fullname
id,fullname
id,fullname
id,fullname
id,fullname
id,fullname
id,fullname
id,fullname
id,fullname
id,fullname
id,fullname
id,fullname
id,fullname
id,fullname
id,fullname
id,fullname
id,fullname
id,fullname
id,fullname
id,fullname
id,fullname
id,fullname
id,fullname
id,fullname
id,fullname
id,fullname
id,fullname
id,fullname
id,fullname
id,fullname
id,fullname
id,fullname
id,fullname
id,fullname
id,fullname
id,fullname
id,fullname
id,fullname
id,fullname
id,fullname
id,fullname
id,fullname
id,fullname
id,fullname
id,fullname
id,fullname
id,fullname
id,fullname
id,fullname
id,fullname
id,fullname
id,fullname
id,fullname
id,fullname
id,fullname
id,fullname
id,fullname
id,fullname
id,fullname
id,fullname
id,fullname
id,fullname
id,fullname
id,fullname
id,fullname
id,fullname
id,fullname
id,fullname
id,fullname
id,fullname
id,fullname
id,fullname
id,fullname
id,fullname
id,fullname
id,fullname
id,fullname
id,fullname
id,fullname
id,fullname
id,fullname
id,fullname
id,fullname
id,fullname
id,fullname
id,fullname
id,fullname
id,fullname
id,fullname
id,fullname
id,fullname
id,fullname
id,fullname
id,fullname
id,fullname
id,fullname
id,fullname
id,fullname
id,fullname
id,fullname
id,fullname
id,fullname
id,fullname
id,fullname
id,fullname
id,fullname
id,fullname
id,fullname
id,fullname
id,fullname
id,fullname
id,fullname
id,fullname
id,fullname
id,fullname
id,fullname
id,fullname
id,fullname
id,fullname
id,fullname
id,fullname
id,fullname
id,fullname
id,fullname
id,fullname
id,fullname
id,fullname
id,fullname
id,fullname
id,fullname
id,fullname
id,fullname
id,fullname
id,fullname
id,fullname
id,fullname
id,fullname
id,fullname
id,fullname
id,fullname
id,fullname
id,fullname
id,fullname
id,fullname
id,fullname
id,fullname
id,fullname
id,fullname
id,fullname
id,fullname
id,fullname
id,fullname
id,fullname
id,fullname
id,fullname
id,fullname
id,fullname
id,fullname
id,fullname
id,fullname
id,fullname
id,fullname
id,fullname
id,fullname
id,fullname
id,fullname
id,fullname
id,fullname
id,fullname
id,fullname
id,fullname
id,fullname
id,fullname
id,fullname
id,fullname
id,fullname
id,fullname
id,fullname
id,fullname
id,fullname
id,fullname
id,fullname
id,fullname
id,fullname
id,fullname
id,fullname
id,fullname
id,fullname
id,fullname
id,fullname
id,fullname
id,fullname
id,fullname
id,fullname
id,fullname
id,fullname
id,fullname
id,fullname
id,fullname
id,fullname
id,fullname
id,fullname
id,fullname
id,fullname
id,fullname
id,fullname
id,fullname
id,fullname
id,fullname
id,fullname
id,fullname
id,fullname
id,fullname
id,fullname
id,fullname
id,fullname
id,fullname
id,fullname
id,fullname
id,fullname
id,fullname
id,fullname
id,fullname
id,fullname
id,fullname
id,fullname
id,fullname
id,fullname
id,fullname
id,fullname
id,fullname
id,fullname
id,fullname
id,fullname
id,fullname
id,fullname
id,fullname
id,fullname
id,fullname
id,fullname
id,fullname
id,fullname
id,fullname
id,fullname
id,fullname
id,fullname
id,fullname
id,fullname
id,fullname
id,fullname
id,fullname
id,fullname
id,fullname
id,fullname
id,fullname
id,fullname
id,fullname
id,fullname
id,fullname
id,fullname
id,fullname
id,fullname
id,fullname
id,fullname
id,fullname
id,fullname
id,fullname
id,fullname
id,fullname
id,fullname
id,fullname
id,fullname
id,fullname
id,fullname
id,fullname
id,fullname
id,fullname
id,fullname
id,fullname
id,fullname
id,fullname
id,fullname
id,fullname
id,fullname
id,fullname
id,fullname
id,fullname
id,fullname
id,fullname
id,fullname
id,fullname
id,fullname
id,fullname
id,fullname
id,fullname
id,fullname
id,fullname
id,fullname
id,fullname
id,fullname
id,fullname
id,fullname
id,fullname
id,fullname
id,fullname
id,fullname
id,fullname
id,fullname
id,fullname
id,fullname
id,fullname
id,fullname
id,fullname
id,fullname
id,fullname
id,fullname
id,fullname
id,fullname
id,fullname
id,fullname
id,fullname
id,fullname
id,fullname
id,fullname
id,fullname
id,fullname
id,fullname
id,fullname
id,fullname
id,fullname
id,fullname
id,fullname
id,fullname
id,fullname
id,fullname
id,fullname
id,fullname
id,fullname
id,fullname
id,fullname
id,fullname
id,fullname
id,fullname
id,fullname
id,fullname
id,fullname
id,fullname
id,fullname
id,fullname
id,fullname
id,fullname
id,fullname
id,fullname
id,fullname
id,fullname
id,fullname
id,fullname
id,fullname
id,fullname
id,fullname
id,fullname
id,fullname
id,fullname
id,fullname
id,fullname
id,fullname
id,fullname
id,fullname
id,fullname
id,fullname
id,fullname
id,fullname
id,fullname
id,fullname
id,fullname
id,fullname
id,fullname
id,fullname
id,fullname
id,fullname
id,fullname
id,fullname
id,fullname
id,fullname
id,fullname
id,fullname
id,fullname
id,fullname
id,fullname
id,fullname
id,fullname
id,fullname
id,fullname
id,fullname
id,fullname
id,fullname
id,fullname
id,fullname
id,fullname
id,fullname
id,fullname
id,fullname
id,fullname
id,fullname
id,fullname
id,fullname
id,fullname
id,fullname
id,fullname
id,fullname
id,fullname
id,fullname
id,fullname
id,fullname
id,fullname
id,fullname
id,fullname
id,fullname
id,fullname
id,fullname
id,fullname
id,fullname
id,fullname
id,fullname
id,fullname
id,fullname
id,fullname
id,fullname
id,fullname
id,fullname
id,fullname
id,fullname
id,fullname
id,fullname
id,fullname
id,fullname
id,fullname
id,fullname
id,fullname
id,fullname
id,fullname
id,fullname
id,fullname
id,fullname
id,fullname
id,fullname
id,fullname
id,fullname
id,fullname
id,fullname
id,fullname
id,fullname
id,fullname
id,fullname
id,fullname
id,fullname
id,fullname
id,fullname
id,fullname
id,fullname
id,fullname
id,fullname
id,fullname
id,fullname
id,fullname
id,fullname
id,fullname
id,fullname
id,fullname
id,fullname
id,fullname
id,fullname
id,fullname
id,fullname
id,fullname
id,fullname
id,fullname
id,fullname
id,fullname
id,fullname
id,fullname
id,fullname
id,fullname
id,fullname
id,fullname
id,fullname
id,fullname
id,fullname
id,fullname
id,fullname
id,fullname
id,fullname
id,fullname
id,fullname
id,fullname
id,fullname
id,fullname
id,fullname
id,fullname
id,fullname
id,fullname
id,fullname
id,fullname
id,fullname
id,fullname
id,fullname
id,fullname
id,fullname
id,fullname
id,fullname
id,fullname
id,fullname
id,fullname
id,fullname
id,fullname
id,fullname
id,fullname
id,fullname
id,fullname
id,fullname
id,fullname
id,fullname
id,fullname
id,fullname
id,fullname
id,fullname
id,fullname
id,fullname
id,fullname
id,fullname
id,fullname
id,fullname
id,fullname
id,fullname
id,fullname
id,fullname
id,fullname
id,fullname
id,fullname
id,fullname
id,fullname
id,fullname
id,fullname
id,fullname
id,fullname
id,fullname
id,fullname
id,fullname
id,fullname
id,fullname
id,fullname
id,fullname
id,fullname
id,fullname
id,fullname
id,fullname
id,fullname
id,fullname
id,fullname
id,fullname
id,fullname
id,fullname
id,fullname
id,fullname
id,fullname
id,fullname
id,fullname
id,fullname
id,fullname
id,fullname
id,fullname
id,fullname
id,fullname
id,fullname
id,fullname
id,fullname
id,fullname
id,fullname
id,fullname
id,fullname
id,fullname
id,fullname
id,fullname
id,fullname
id,fullname
id,fullname
id,fullname
id,fullname
id,fullname
id,fullname
id,fullname
id,fullname
id,fullname
id,fullname
id,fullname
id,fullname
id,fullname
id,fullname
id,fullname
id,fullname
id,fullname
id,fullname
id,fullname
id,fullname
id,fullname
id,fullname
id,fullname
id,fullname
id,fullname
id,fullname
id,fullname
id,fullname
id,fullname
id,fullname
id,fullname
id,fullname
id,fullname
id,fullname
id,fullname
id,fullname
id,fullname
id,fullname
id,fullname
id,fullname
id,fullname
id,fullname
id,fullname
id,fullname
id,fullname
id,fullname
id,fullname
id,fullname
id,fullname
id,fullname
id,fullname
id,fullname
id,fullname
id,fullname
id,fullname
id,fullname
id,fullname
id,fullname
id,fullname
id,fullname
id,fullname
id,fullname
id,fullname
id,fullname
id,fullname
id,fullname
id,fullname
id,fullname
id,fullname
id,fullname
id,fullname
id,fullname
id,fullname
id,fullname
id,fullname
id,fullname
id,fullname
id,fullname
id,fullname
id,fullname
id,fullname
id,fullname
id,fullname
id,fullname
id,fullname
id,fullname
id,fullname
id,fullname
id,fullname
id,fullname
id,fullname
id,fullname
id,fullname
id,fullname
id,fullname
id,fullname
id,fullname
id,fullname
id,fullname
id,fullname
id,fullname
id,fullname
id,fullname
id,fullname
id,fullname
id,fullname
id,fullname
id,fullname
id,fullname
id,fullname
id,fullname
id,fullname
id,fullname
id,fullname
id,fullname
id,fullname
id,fullname
id,fullname
id,fullname
id,fullname
id,fullname
id,fullname
id,fullname
id,fullname
id,fullname
id,fullname
id,fullname
id,fullname
id,fullname
id,fullname
id,fullname
id,fullname
id,fullname
id,fullname
id,fullname
id,fullname
